<?xml version="1.0" encoding="UTF-8"?>
<metadata xml:lang="en"><Esri><CreaDate>20200902</CreaDate><CreaTime>16354200</CreaTime><ArcGISFormat>1.0</ArcGISFormat><ArcGISstyle>North American Profile of ISO19115 2003</ArcGISstyle><SyncOnce>FALSE</SyncOnce><DataProperties><lineage><Process Name="Create Feature Class (2)" ToolSource="C:\Program Files\ArcGIS\Desktop10.0\ArcToolbox\Toolboxes\Data Management Tools.tbx\CreateFeatureclass" Date="20120822" Time="091342">CreateFeatureclass "Database Connections\LG_ORACLE-SIRD.sde" SGD2_MUNICIPALITIES POLYGON 'Database Connections\LG_ORACLE.sde\SDE_LG.SGD_MUNICIPALITIES' DISABLED DISABLED "PROJCS['NAD_1983_CSRS_New_Brunswick_Stereographic',GEOGCS['GCS_North_American_1983_CSRS',DATUM['D_North_American_1983_CSRS',SPHEROID['GRS_1980',6378137.0,298.257222101]],PRIMEM['Greenwich',0.0],UNIT['Degree',0.0174532925199433]],PROJECTION['Double_Stereographic'],PARAMETER['False_Easting',2500000.0],PARAMETER['False_Northing',7500000.0],PARAMETER['Central_Meridian',-66.5],PARAMETER['Scale_Factor',0.999912],PARAMETER['Latitude_Of_Origin',46.5],UNIT['Meter',1.0]];-28216700 -23260100 10000;-100000 10000;-100000 10000;0.001;0.001;0.001;IsHighPrecision" # 0 0 0</Process><Process Name="Append (2)" ToolSource="C:\Program Files\ArcGIS\Desktop10.0\ArcToolbox\Toolboxes\Data Management Tools.tbx\Append" Date="20120822" Time="091344">Append 'Database Connections\LG_ORACLE.sde\SDE_LG.SGD_MUNICIPALITIES' "Database Connections\LG_ORACLE-SIRD.sde\SDE_LG.SGD2_MUNICIPALITIES" TEST # #</Process><Process Name="Feature Class to Feature Class (8)" ToolSource="C:\Program Files\ArcGIS\Desktop10.0\ArcToolbox\Toolboxes\Conversion Tools.tbx\FeatureClassToFeatureClass" Date="20120827" Time="105025">FeatureClassToFeatureClass "Database Connections\LG_ORACLE-SIRD.sde\SDE_LG.SGD2_MUNICIPALITIES" "Database Connections\LG_ORACLE.sde" SGD_MUNICIPALITIES # "TYPE "TYPE" true true false 9 Text 0 0 ,First,#,Database Connections\LG_ORACLE-SIRD.sde\SDE_LG.SGD2_MUNICIPALITIES,TYPE,-1,-1;ENG_LABEL "ENG_LABEL" true true false 254 Text 0 0 ,First,#,Database Connections\LG_ORACLE-SIRD.sde\SDE_LG.SGD2_MUNICIPALITIES,ENG_LABEL,-1,-1;FRN_LABEL "FRN_LABEL" true true false 254 Text 0 0 ,First,#,Database Connections\LG_ORACLE-SIRD.sde\SDE_LG.SGD2_MUNICIPALITIES,FRN_LABEL,-1,-1;OFFICIAL_E "OFFICIAL_E" true true false 254 Text 0 0 ,First,#,Database Connections\LG_ORACLE-SIRD.sde\SDE_LG.SGD2_MUNICIPALITIES,OFFICIAL_E,-1,-1;OFFICIAL_F "OFFICIAL_F" true true false 254 Text 0 0 ,First,#,Database Connections\LG_ORACLE-SIRD.sde\SDE_LG.SGD2_MUNICIPALITIES,OFFICIAL_F,-1,-1;KEY_ "KEY_" true true false 15 Text 0 0 ,First,#,Database Connections\LG_ORACLE-SIRD.sde\SDE_LG.SGD2_MUNICIPALITIES,KEY_,-1,-1;DATE_ "DATE_" true true false 25 Text 0 0 ,First,#,Database Connections\LG_ORACLE-SIRD.sde\SDE_LG.SGD2_MUNICIPALITIES,DATE_,-1,-1;SHAPE_AREA "SHAPE.AREA" false false true 0 Double 0 0 ,First,#,Database Connections\LG_ORACLE-SIRD.sde\SDE_LG.SGD2_MUNICIPALITIES,SHAPE.AREA,-1,-1;SHAPE_LEN "SHAPE.LEN" false false true 0 Double 0 0 ,First,#,Database Connections\LG_ORACLE-SIRD.sde\SDE_LG.SGD2_MUNICIPALITIES,SHAPE.LEN,-1,-1" #</Process><Process ToolSource="C:\Program Files\ArcGIS\Desktop10.0\ArcToolbox\Toolboxes\Data Management Tools.tbx\CopyFeatures" Date="20120830" Time="131502">CopyFeatures "Database Connections\LG_ORACLE.sde\SDE_LG.SGD_MUNICIPALITIES" "Database Connections\LG_ORACLE-SDWH.sde\SDE_LG.SGD_MUNICIPALITIES" # 0 0 0</Process><Process ToolSource="C:\Program Files (x86)\ArcGIS\Desktop10.0\ArcToolbox\Toolboxes\Data Management Tools.tbx\CalculateField" Date="20151215" Time="091843">CalculateField SDE_LG.SGD_MUNICIPALITIES DATE_ "2015_08_01" VB #</Process><Process ToolSource="C:\Program Files (x86)\ArcGIS\Desktop10.0\ArcToolbox\Toolboxes\Data Management Tools.tbx\CalculateField" Date="20161128" Time="151720">CalculateField SDE_LG.SGD_MUNICIPALITIES DATE_ "2016_03_01" VB #</Process><Process ToolSource="C:\Program Files (x86)\ArcGIS\Desktop10.0\ArcToolbox\Toolboxes\Data Management Tools.tbx\CalculateField" Date="20161128" Time="151759">CalculateField SDE_LG.SGD_MUNICIPALITIES DATE_ "2016_03_01" VB #</Process><Process ToolSource="f:\program files (x86)\arcgis\desktop10.4\ArcToolbox\Toolboxes\Data Management Tools.tbx\CopyFeatures" Date="20170113" Time="150403">CopyFeatures "Database Connections\Connection to SDWP11.sde\SDE_LG.SGD_MUNICIPALITIES" G:\data\Staging_area\final.gdb\LG\SGD_MUNICIPALITIES # 0 0 0</Process><Process ToolSource="f:\program files (x86)\arcgis\desktop10.4\ArcToolbox\Toolboxes\Data Management Tools.tbx\CopyFeatures" Date="20170117" Time="154330">CopyFeatures G:\data\Staging_area\final.gdb\LG\SGD_MUNICIPALITIES "Database Connections\LG_SDWH.sde\SDE_LG.SGD_MUNICIPALITIES" # 0 0 0</Process></lineage><itemProps><itemName Sync="TRUE">SDE_LG.SGD_MUNICIPALITIES</itemName><imsContentType Sync="TRUE">002</imsContentType><itemLocation><linkage Sync="TRUE">file://\\geoappcifs-test.snb.ca\geonbtest\geonb_data\Administrative_Areas.gdb</linkage><protocol Sync="TRUE">Local Area Network</protocol></itemLocation></itemProps><coordRef><type Sync="TRUE">Projected</type><geogcsn Sync="TRUE">GCS_North_American_1983_CSRS</geogcsn><projcsn Sync="TRUE">NAD_1983_CSRS_New_Brunswick_Stereographic</projcsn><peXml Sync="TRUE">&lt;ProjectedCoordinateSystem xsi:type='typens:ProjectedCoordinateSystem' xmlns:xsi='http://www.w3.org/2001/XMLSchema-instance' xmlns:xs='http://www.w3.org/2001/XMLSchema' xmlns:typens='http://www.esri.com/schemas/ArcGIS/10.4'&gt;&lt;WKT&gt;PROJCS[&amp;quot;NAD_1983_CSRS_New_Brunswick_Stereographic&amp;quot;,GEOGCS[&amp;quot;GCS_North_American_1983_CSRS&amp;quot;,DATUM[&amp;quot;D_North_American_1983_CSRS&amp;quot;,SPHEROID[&amp;quot;GRS_1980&amp;quot;,6378137.0,298.257222101]],PRIMEM[&amp;quot;Greenwich&amp;quot;,0.0],UNIT[&amp;quot;Degree&amp;quot;,0.0174532925199433]],PROJECTION[&amp;quot;Double_Stereographic&amp;quot;],PARAMETER[&amp;quot;False_Easting&amp;quot;,2500000.0],PARAMETER[&amp;quot;False_Northing&amp;quot;,7500000.0],PARAMETER[&amp;quot;Central_Meridian&amp;quot;,-66.5],PARAMETER[&amp;quot;Scale_Factor&amp;quot;,0.999912],PARAMETER[&amp;quot;Latitude_Of_Origin&amp;quot;,46.5],UNIT[&amp;quot;Meter&amp;quot;,1.0],AUTHORITY[&amp;quot;EPSG&amp;quot;,2953]]&lt;/WKT&gt;&lt;XOrigin&gt;-28216700&lt;/XOrigin&gt;&lt;YOrigin&gt;-23260100&lt;/YOrigin&gt;&lt;XYScale&gt;10000&lt;/XYScale&gt;&lt;ZOrigin&gt;0&lt;/ZOrigin&gt;&lt;ZScale&gt;1&lt;/ZScale&gt;&lt;MOrigin&gt;0&lt;/MOrigin&gt;&lt;MScale&gt;1&lt;/MScale&gt;&lt;XYTolerance&gt;0.001&lt;/XYTolerance&gt;&lt;ZTolerance&gt;0.001&lt;/ZTolerance&gt;&lt;MTolerance&gt;0.001&lt;/MTolerance&gt;&lt;HighPrecision&gt;true&lt;/HighPrecision&gt;&lt;WKID&gt;2036&lt;/WKID&gt;&lt;LatestWKID&gt;2953&lt;/LatestWKID&gt;&lt;/ProjectedCoordinateSystem&gt;</peXml><csUnits Sync="TRUE">Linear Unit: Meter (1.000000)</csUnits></coordRef></DataProperties><SyncDate>20170117</SyncDate><SyncTime>15433000</SyncTime><ModDate>20170117</ModDate><ModTime>15433000</ModTime></Esri><dataIdInfo><envirDesc Sync="TRUE"> Version 6.2 (Build 9200) ; Esri ArcGIS 10.4.1.5686</envirDesc><dataLang><languageCode value="en" country="US"></languageCode><countryCode value="CAN" Sync="TRUE"></countryCode></dataLang><idCitation><resTitle Sync="TRUE">SDE_LG.SGD_MUNICIPALITIES</resTitle><presForm><PresFormCd value="005"></PresFormCd></presForm></idCitation><descKeys><thesaName uuidref="723f6998-058e-11dc-8314-0800200c9a66"></thesaName><keyword Sync="TRUE">002</keyword></descKeys><spatRpType><SpatRepTypCd value="001"></SpatRepTypCd></spatRpType></dataIdInfo><mdLang><languageCode value="en"></languageCode><countryCode value="CAN" Sync="TRUE"></countryCode></mdLang><distInfo><distFormat><formatName Sync="TRUE">SDE Feature Class</formatName></distFormat></distInfo><mdHrLv><ScopeCd value="005"></ScopeCd></mdHrLv><mdHrLvName Sync="TRUE">dataset</mdHrLvName><refSysInfo><RefSystem><refSysID><identCode code="2953"></identCode><idCodeSpace Sync="TRUE">EPSG</idCodeSpace><idVersion Sync="TRUE">6.2(9.3.0.0)</idVersion></refSysID></RefSystem></refSysInfo><spdoinfo><ptvctinf><esriterm Name="SDE_LG.SGD_MUNICIPALITIES"><efeatyp Sync="TRUE">Simple</efeatyp><efeageom code="4" Sync="TRUE"></efeageom><esritopo Sync="TRUE">FALSE</esritopo><efeacnt Sync="TRUE">0</efeacnt><spindex Sync="TRUE">TRUE</spindex><linrefer Sync="TRUE">FALSE</linrefer></esriterm></ptvctinf></spdoinfo><spatRepInfo><VectSpatRep><geometObjs Name="SDE_LG.SGD_MUNICIPALITIES"><geoObjTyp><GeoObjTypCd value="002" Sync="TRUE"></GeoObjTypCd></geoObjTyp><geoObjCnt Sync="TRUE">0</geoObjCnt></geometObjs><topLvl><TopoLevCd value="001" Sync="TRUE"></TopoLevCd></topLvl></VectSpatRep></spatRepInfo><eainfo><detailed Name="SDE_LG.SGD_MUNICIPALITIES"><enttyp><enttypl Sync="TRUE">SDE_LG.SGD_MUNICIPALITIES</enttypl><enttypt Sync="TRUE">Feature Class</enttypt><enttypc Sync="TRUE">0</enttypc></enttyp><attr><attrlabl Sync="TRUE">OBJECTID</attrlabl><attalias Sync="TRUE">OBJECTID</attalias><attrtype Sync="TRUE">OID</attrtype><attwidth Sync="TRUE">4</attwidth><atprecis Sync="TRUE">10</atprecis><attscale Sync="TRUE">0</attscale><attrdef Sync="TRUE">Internal feature number.</attrdef><attrdefs Sync="TRUE">ESRI</attrdefs><attrdomv><udom Sync="TRUE">Sequential unique whole numbers that are automatically generated.</udom></attrdomv></attr><attr><attrlabl Sync="TRUE">TYPE</attrlabl><attalias Sync="TRUE">TYPE</attalias><attrtype Sync="TRUE">String</attrtype><attwidth Sync="TRUE">9</attwidth><atprecis Sync="TRUE">0</atprecis><attscale Sync="TRUE">0</attscale></attr><attr><attrlabl Sync="TRUE">ENG_LABEL</attrlabl><attalias Sync="TRUE">ENG_LABEL</attalias><attrtype Sync="TRUE">String</attrtype><attwidth Sync="TRUE">254</attwidth><atprecis Sync="TRUE">0</atprecis><attscale Sync="TRUE">0</attscale></attr><attr><attrlabl Sync="TRUE">FRN_LABEL</attrlabl><attalias Sync="TRUE">FRN_LABEL</attalias><attrtype Sync="TRUE">String</attrtype><attwidth Sync="TRUE">254</attwidth><atprecis Sync="TRUE">0</atprecis><attscale Sync="TRUE">0</attscale></attr><attr><attrlabl Sync="TRUE">OFFICIAL_E</attrlabl><attalias Sync="TRUE">OFFICIAL_E</attalias><attrtype Sync="TRUE">String</attrtype><attwidth Sync="TRUE">254</attwidth><atprecis Sync="TRUE">0</atprecis><attscale Sync="TRUE">0</attscale></attr><attr><attrlabl Sync="TRUE">OFFICIAL_F</attrlabl><attalias Sync="TRUE">OFFICIAL_F</attalias><attrtype Sync="TRUE">String</attrtype><attwidth Sync="TRUE">254</attwidth><atprecis Sync="TRUE">0</atprecis><attscale Sync="TRUE">0</attscale></attr><attr><attrlabl Sync="TRUE">KEY_</attrlabl><attalias Sync="TRUE">KEY_</attalias><attrtype Sync="TRUE">String</attrtype><attwidth Sync="TRUE">15</attwidth><atprecis Sync="TRUE">0</atprecis><attscale Sync="TRUE">0</attscale></attr><attr><attrlabl Sync="TRUE">DATE_</attrlabl><attalias Sync="TRUE">DATE_</attalias><attrtype Sync="TRUE">String</attrtype><attwidth Sync="TRUE">25</attwidth><atprecis Sync="TRUE">0</atprecis><attscale Sync="TRUE">0</attscale></attr><attr><attrlabl Sync="TRUE">SHAPE</attrlabl><attalias Sync="TRUE">SHAPE</attalias><attrtype Sync="TRUE">Geometry</attrtype><attwidth Sync="TRUE">4</attwidth><atprecis Sync="TRUE">0</atprecis><attscale Sync="TRUE">0</attscale><attrdef Sync="TRUE">Feature geometry.</attrdef><attrdefs Sync="TRUE">ESRI</attrdefs><attrdomv><udom Sync="TRUE">Coordinates defining the features.</udom></attrdomv></attr><attr><attrlabl Sync="TRUE">SHAPE.AREA</attrlabl><attalias Sync="TRUE">SHAPE.AREA</attalias><attrtype Sync="TRUE">Double</attrtype><attwidth Sync="TRUE">0</attwidth><atprecis Sync="TRUE">0</atprecis><attscale Sync="TRUE">0</attscale></attr><attr><attrlabl Sync="TRUE">SHAPE.LEN</attrlabl><attalias Sync="TRUE">SHAPE.LEN</attalias><attrtype Sync="TRUE">Double</attrtype><attwidth Sync="TRUE">0</attwidth><atprecis Sync="TRUE">0</atprecis><attscale Sync="TRUE">0</attscale></attr></detailed></eainfo><mdDateSt Sync="TRUE">20170117</mdDateSt></metadata>
